{
    "lastSend": 1700229262.1458063,
    "nextSend": 1700300210.210737
}