{
    "lastSend": 1700237730.6262596,
    "nextSend": 1700308161.3273687
}